{
  "table_tennis_men": {
    "mean": 2300.0326758112737,
    "std": 3351.3380080597,
    "min": 0.0,
    "max": 17915.0,
    "percentiles": {
      "10": 317.0,
      "25": 615.0,
      "50": 1029.0,
      "75": 1673.0,
      "90": 10305.0,
      "95": 10737.0,
      "99": 11567.0
    }
  },
  "table_tennis_women": {
    "mean": 2550.4468812867317,
    "std": 3316.340273358574,
    "min": 0.0,
    "max": 17915.0,
    "percentiles": {
      "10": 482.0,
      "25": 910.0,
      "50": 1345.0,
      "75": 1940.0,
      "90": 10373.0,
      "95": 10883.0,
      "99": 11723.0
    }
  }
}